"ID","together","age","years","divorced"
1,"yes",19,9,TRUE
2,"yes",22,9,FALSE
3,"yes",20,5,FALSE
4,"yes",22,2,FALSE
5,"yes",25,6,FALSE
6,"yes",30,1,FALSE
7,"yes",32,9,FALSE
8,"no",24,14,TRUE
9,"no",37,1,TRUE
10,"yes",18,13,TRUE
11,"yes",23,4,FALSE
12,"no",23,8,TRUE
13,"no",21,1,TRUE
14,"yes",26,9,FALSE
15,"yes",26,14,FALSE
16,"yes",23,5,TRUE
17,"yes",31,13,FALSE
19,"yes",27,18,FALSE
20,"yes",21,3,TRUE
21,"yes",17,14,FALSE
22,"no",19,8,FALSE
23,"yes",26,16,FALSE
24,"no",19,12,TRUE
25,"yes",19,6,TRUE
26,"yes",23,6,FALSE
27,"no",21,1,TRUE
28,"no",35,1,TRUE
29,"yes",22,21,FALSE
30,"yes",29,8,TRUE
31,"yes",17,2,TRUE
32,"yes",18,14,TRUE
33,"yes",24,14,TRUE
34,"yes",24,1,TRUE
35,"yes",26,6,FALSE
36,"yes",29,4,FALSE
37,"yes",16,2,TRUE
38,"yes",28,12,FALSE
39,"yes",22,3,TRUE
40,"no",22,5,TRUE
41,"yes",26,14,FALSE
42,"yes",26,13,FALSE
43,"yes",21,1,FALSE
44,"yes",29,5,FALSE
45,"yes",28,15,FALSE
46,"yes",15,6,TRUE
47,"yes",21,14,TRUE
48,"yes",23,10,TRUE
49,"no",20,6,TRUE
50,"yes",25,12,TRUE
51,"no",19,5,TRUE
52,"no",21,10,TRUE
53,"yes",20,4,TRUE
54,"yes",22,5,FALSE
55,"no",18,27,FALSE
56,"yes",23,4,FALSE
57,"yes",26,5,TRUE
58,"yes",23,9,FALSE
59,"no",19,7,TRUE
60,"no",16,26,FALSE
61,"yes",29,8,FALSE
62,"yes",21,24,FALSE
64,"yes",38,1,FALSE
65,"yes",30,5,FALSE
66,"no",18,27,FALSE
67,"no",28,10,FALSE
68,"yes",25,4,FALSE
69,"no",24,2,TRUE
70,"no",19,10,TRUE
71,"yes",23,7,FALSE
72,"no",16,5,TRUE
73,"no",23,16,FALSE
74,"yes",27,2,FALSE
75,"yes",27,13,TRUE
76,"yes",27,18,FALSE
77,"yes",22,7,TRUE
78,"yes",22,7,FALSE
79,"yes",24,3,FALSE
80,"yes",26,18,FALSE
81,"yes",24,7,FALSE
82,"no",23,5,TRUE
83,"yes",22,11,TRUE
84,"yes",18,1,TRUE
85,"yes",28,17,FALSE
86,"no",17,18,FALSE
87,"yes",24,5,FALSE
88,"yes",30,14,FALSE
89,"no",20,1,TRUE
90,"yes",31,1,FALSE
91,"no",24,10,TRUE
92,"yes",27,15,FALSE
93,"yes",31,9,FALSE
94,"yes",23,16,FALSE
95,"yes",26,6,TRUE
96,"no",18,5,TRUE
97,"yes",20,3,TRUE
98,"yes",25,4,FALSE
99,"no",19,15,TRUE
100,"yes",26,8,TRUE
101,"no",20,13,TRUE
102,"yes",22,11,FALSE
103,"no",17,6,TRUE
104,"yes",20,3,TRUE
105,"yes",24,4,TRUE
106,"yes",40,3,FALSE
107,"yes",22,14,FALSE
108,"yes",34,3,FALSE
109,"no",29,4,TRUE
110,"yes",34,4,FALSE
111,"yes",19,3,TRUE
112,"no",19,1,TRUE
113,"yes",20,14,TRUE
114,"yes",20,2,FALSE
115,"yes",19,7,FALSE
116,"no",20,4,TRUE
117,"no",25,4,TRUE
118,"no",15,2,TRUE
119,"no",22,19,FALSE
120,"yes",20,24,FALSE
121,"yes",25,11,FALSE
122,"yes",21,3,FALSE
123,"no",19,9,TRUE
124,"yes",22,10,FALSE
125,"no",22,13,FALSE
126,"no",18,14,TRUE
127,"yes",23,3,TRUE
128,"yes",26,5,FALSE
129,"yes",27,17,FALSE
130,"yes",25,10,TRUE
131,"yes",21,2,TRUE
132,"yes",19,12,FALSE
133,"yes",36,6,FALSE
134,"yes",27,5,FALSE
135,"yes",19,3,TRUE
136,"yes",24,2,TRUE
137,"no",35,1,TRUE
138,"yes",22,6,TRUE
139,"yes",19,6,TRUE
140,"yes",23,22,FALSE
141,"yes",28,10,FALSE
142,"no",18,5,TRUE
143,"yes",23,12,TRUE
144,"yes",21,5,FALSE
145,"yes",24,8,FALSE
146,"no",18,1,TRUE
147,"yes",36,6,FALSE
148,"yes",21,15,TRUE
149,"yes",19,8,FALSE
150,"no",23,6,TRUE
151,"yes",19,25,FALSE
152,"yes",24,8,FALSE
153,"no",20,4,TRUE
154,"yes",28,2,TRUE
155,"yes",29,1,FALSE
156,"yes",22,10,FALSE
157,"no",19,5,TRUE
158,"yes",27,10,FALSE
159,"yes",26,4,FALSE
160,"yes",22,15,FALSE
162,"no",20,10,FALSE
163,"yes",21,5,TRUE
164,"yes",28,15,FALSE
165,"no",16,2,TRUE
166,"no",18,2,TRUE
167,"yes",21,8,TRUE
168,"yes",22,4,FALSE
169,"yes",19,7,TRUE
170,"yes",22,7,TRUE
171,"no",19,10,TRUE
172,"yes",17,8,FALSE
173,"no",17,4,TRUE
174,"yes",24,3,FALSE
175,"yes",24,17,FALSE
176,"yes",28,2,FALSE
177,"no",17,6,TRUE
178,"yes",21,6,TRUE
179,"no",17,18,FALSE
180,"yes",22,3,TRUE
181,"yes",28,7,FALSE
182,"yes",16,2,TRUE
183,"no",20,6,FALSE
184,"yes",28,4,FALSE
185,"yes",19,3,TRUE
186,"no",21,5,TRUE
187,"yes",20,10,FALSE
188,"yes",23,5,TRUE
189,"yes",26,2,FALSE
190,"no",25,5,TRUE
191,"yes",21,5,TRUE
192,"yes",23,3,TRUE
193,"yes",20,11,FALSE
194,"yes",30,7,FALSE
195,"yes",18,7,TRUE
196,"no",29,12,FALSE
197,"yes",25,7,TRUE
198,"no",18,13,TRUE
199,"yes",22,12,TRUE
200,"yes",20,18,TRUE
201,"yes",38,1,FALSE
202,"no",20,8,TRUE
203,"yes",23,4,FALSE
204,"yes",21,2,TRUE
205,"yes",20,2,FALSE
206,"no",26,1,TRUE
207,"no",19,21,TRUE
208,"yes",32,10,FALSE
209,"yes",19,3,FALSE
210,"no",20,7,TRUE
211,"yes",18,12,TRUE
212,"yes",21,6,TRUE
213,"yes",23,16,FALSE
214,"yes",17,9,TRUE
215,"no",26,5,TRUE
216,"yes",26,7,TRUE
217,"yes",19,11,TRUE
218,"yes",32,6,FALSE
219,"yes",23,10,FALSE
220,"yes",21,12,TRUE
221,"yes",20,9,TRUE
222,"yes",18,1,TRUE
223,"yes",28,8,TRUE
224,"no",28,15,TRUE
225,"yes",20,5,TRUE
226,"yes",34,6,FALSE
227,"yes",33,4,FALSE
228,"yes",19,5,TRUE
229,"no",28,7,TRUE
230,"no",16,3,TRUE
231,"yes",29,5,FALSE
232,"yes",29,3,TRUE
233,"yes",21,17,FALSE
234,"no",22,5,TRUE
235,"yes",19,16,TRUE
236,"yes",23,5,FALSE
237,"yes",19,4,TRUE
238,"yes",24,8,FALSE
239,"no",21,15,FALSE
240,"yes",19,26,FALSE
241,"no",23,2,TRUE
242,"yes",25,4,FALSE
243,"yes",28,16,FALSE
244,"no",20,10,TRUE
245,"yes",28,7,FALSE
246,"yes",19,1,TRUE
247,"yes",22,12,TRUE
248,"yes",18,7,TRUE
249,"no",16,15,FALSE
250,"yes",23,14,FALSE
251,"yes",23,1,FALSE
252,"no",21,4,TRUE
253,"no",30,15,FALSE
254,"yes",33,11,FALSE
255,"yes",22,16,FALSE
256,"yes",24,10,TRUE
257,"no",27,4,TRUE
258,"no",18,7,TRUE
259,"yes",19,2,FALSE
260,"yes",22,1,FALSE
261,"yes",32,5,FALSE
263,"yes",18,2,TRUE
264,"no",19,11,FALSE
265,"yes",21,3,TRUE
266,"no",18,3,TRUE
267,"no",17,10,TRUE
268,"yes",21,3,FALSE
269,"yes",24,9,TRUE
270,"no",19,5,TRUE
271,"yes",19,15,TRUE
272,"yes",17,25,FALSE
273,"yes",19,3,TRUE
274,"yes",28,16,FALSE
275,"yes",23,5,FALSE
276,"no",25,2,TRUE
277,"yes",26,17,FALSE
278,"yes",23,1,FALSE
279,"yes",22,14,FALSE
280,"no",17,7,TRUE
281,"yes",24,21,FALSE
282,"no",17,4,TRUE
283,"yes",26,19,FALSE
284,"yes",30,1,FALSE
285,"no",25,16,FALSE
286,"yes",31,7,FALSE
287,"yes",24,17,FALSE
288,"yes",40,1,FALSE
289,"yes",17,8,TRUE
290,"no",25,14,FALSE
291,"yes",20,5,TRUE
292,"yes",19,5,FALSE
293,"yes",24,6,TRUE
294,"yes",21,2,TRUE
295,"yes",24,4,FALSE
296,"no",19,18,FALSE
297,"yes",30,10,FALSE
298,"no",17,6,TRUE
299,"no",20,16,TRUE
300,"yes",26,5,FALSE
301,"yes",34,4,FALSE
302,"yes",23,21,FALSE
303,"yes",22,2,TRUE
304,"yes",35,5,FALSE
305,"yes",19,13,TRUE
306,"no",19,4,TRUE
307,"yes",17,12,FALSE
308,"yes",27,5,FALSE
309,"yes",39,4,FALSE
310,"no",20,2,TRUE
311,"yes",17,25,FALSE
312,"no",18,10,TRUE
313,"yes",28,11,FALSE
314,"yes",26,7,TRUE
315,"yes",15,6,TRUE
316,"yes",24,2,TRUE
317,"yes",19,16,TRUE
318,"yes",23,11,TRUE
319,"yes",32,3,FALSE
320,"no",21,9,FALSE
321,"yes",18,6,TRUE
322,"no",18,9,FALSE
323,"yes",21,5,TRUE
324,"yes",25,6,FALSE
325,"yes",21,12,FALSE
326,"no",17,5,TRUE
327,"no",17,7,TRUE
328,"yes",25,8,FALSE
329,"yes",24,2,TRUE
330,"yes",21,4,TRUE
331,"yes",24,8,TRUE
332,"no",19,13,FALSE
333,"yes",19,6,TRUE
334,"no",39,3,FALSE
335,"yes",21,3,TRUE
336,"yes",24,5,TRUE
337,"yes",26,13,FALSE
338,"yes",19,24,FALSE
339,"no",14,10,TRUE
340,"yes",27,7,FALSE
341,"yes",32,5,FALSE
342,"yes",30,11,FALSE
343,"yes",26,5,FALSE
344,"no",17,3,TRUE
345,"no",19,7,TRUE
346,"no",24,14,FALSE
347,"no",23,17,TRUE
348,"yes",23,5,TRUE
349,"yes",22,11,FALSE
350,"no",22,2,TRUE
351,"yes",20,5,FALSE
352,"yes",21,7,FALSE
353,"no",24,16,TRUE
354,"yes",21,19,FALSE
355,"yes",29,10,FALSE
356,"yes",32,12,FALSE
357,"yes",24,16,FALSE
358,"no",33,2,FALSE
359,"yes",22,7,TRUE
360,"yes",22,1,TRUE
361,"no",19,15,FALSE
362,"yes",34,10,FALSE
363,"yes",22,3,TRUE
364,"yes",18,7,TRUE
365,"yes",25,4,FALSE
366,"yes",20,7,TRUE
367,"no",19,7,TRUE
368,"yes",18,11,FALSE
369,"yes",37,6,FALSE
370,"no",20,8,TRUE
371,"yes",33,3,FALSE
372,"yes",34,4,FALSE
373,"yes",19,2,TRUE
374,"yes",24,6,TRUE
375,"yes",32,6,FALSE
376,"yes",23,7,FALSE
377,"no",19,11,TRUE
378,"yes",19,13,TRUE
379,"no",16,15,FALSE
380,"no",16,19,TRUE
381,"yes",20,3,FALSE
382,"no",23,9,TRUE
383,"yes",27,4,FALSE
384,"yes",16,8,TRUE
385,"yes",28,10,FALSE
386,"yes",22,6,TRUE
387,"yes",25,7,FALSE
388,"yes",28,8,TRUE
389,"yes",24,1,FALSE
390,"yes",22,2,TRUE
391,"yes",19,20,TRUE
392,"yes",19,14,TRUE
393,"yes",23,2,TRUE
394,"yes",29,1,FALSE
395,"no",16,3,TRUE
396,"yes",18,9,FALSE
397,"no",19,16,TRUE
398,"yes",22,5,FALSE
399,"yes",24,4,TRUE
400,"yes",20,6,TRUE
401,"no",19,2,TRUE
402,"no",20,14,TRUE
403,"yes",20,8,FALSE
404,"yes",22,6,FALSE
405,"no",21,1,TRUE
406,"no",26,2,FALSE
407,"no",20,6,TRUE
408,"yes",23,6,TRUE
409,"yes",27,9,FALSE
410,"no",15,2,TRUE
411,"yes",22,19,FALSE
412,"yes",23,10,TRUE
413,"yes",28,9,FALSE
414,"no",28,15,FALSE
415,"yes",18,6,TRUE
416,"no",24,10,TRUE
417,"no",36,5,FALSE
418,"no",22,4,FALSE
419,"yes",19,14,TRUE
420,"yes",24,2,FALSE
421,"yes",21,14,FALSE
422,"no",20,10,FALSE
423,"yes",18,9,TRUE
424,"yes",27,2,FALSE
425,"yes",28,5,FALSE
426,"yes",21,11,FALSE
427,"yes",25,10,FALSE
428,"yes",25,6,TRUE
429,"yes",20,13,FALSE
430,"no",17,18,FALSE
431,"no",17,4,TRUE
432,"yes",23,20,FALSE
433,"yes",30,3,TRUE
434,"yes",18,15,TRUE
435,"no",22,17,FALSE
436,"yes",28,9,FALSE
437,"no",37,5,FALSE
438,"yes",17,9,TRUE
439,"yes",23,14,FALSE
440,"yes",28,10,FALSE
441,"yes",26,7,FALSE
442,"no",21,22,FALSE
443,"no",16,27,FALSE
444,"yes",19,6,FALSE
445,"yes",23,3,FALSE
446,"yes",27,14,FALSE
447,"no",25,7,TRUE
448,"no",21,6,TRUE
449,"yes",28,9,TRUE
450,"no",29,14,FALSE
451,"yes",29,3,TRUE
452,"yes",22,5,TRUE
453,"yes",24,5,FALSE
454,"yes",33,4,FALSE
455,"yes",35,1,FALSE
456,"yes",24,5,TRUE
457,"yes",24,3,FALSE
458,"yes",21,5,FALSE
459,"yes",21,2,TRUE
460,"yes",27,1,TRUE
461,"yes",30,3,TRUE
462,"no",22,14,TRUE
463,"yes",34,11,FALSE
464,"yes",28,3,FALSE
465,"yes",24,14,FALSE
466,"yes",25,1,TRUE
467,"yes",18,5,TRUE
468,"yes",34,8,TRUE
469,"yes",23,4,FALSE
470,"yes",18,25,FALSE
471,"yes",23,9,TRUE
472,"yes",19,6,TRUE
473,"yes",29,8,FALSE
474,"yes",21,11,TRUE
475,"yes",22,5,FALSE
476,"yes",27,14,TRUE
477,"yes",20,4,TRUE
478,"no",19,6,TRUE
479,"yes",31,1,FALSE
480,"yes",22,1,FALSE
481,"yes",23,4,FALSE
482,"yes",24,2,FALSE
483,"yes",32,4,FALSE
484,"no",19,13,TRUE
485,"yes",29,6,TRUE
486,"yes",16,3,TRUE
487,"no",25,2,TRUE
488,"no",23,3,TRUE
489,"yes",27,8,FALSE
490,"yes",16,16,TRUE
491,"no",17,5,TRUE
492,"no",16,18,FALSE
493,"yes",24,12,FALSE
494,"no",22,19,FALSE
495,"yes",19,8,TRUE
496,"yes",32,11,FALSE
497,"yes",23,7,FALSE
498,"yes",20,14,FALSE
499,"yes",29,8,FALSE
500,"yes",25,8,TRUE
501,"yes",32,1,TRUE
502,"yes",24,21,FALSE
503,"yes",19,6,TRUE
504,"yes",18,4,TRUE
505,"no",27,13,FALSE
506,"yes",17,8,TRUE
507,"yes",21,15,FALSE
508,"yes",27,6,FALSE
510,"yes",24,7,FALSE
511,"no",24,3,TRUE
512,"yes",21,3,TRUE
513,"yes",24,7,FALSE
514,"yes",19,2,TRUE
515,"yes",36,1,FALSE
516,"no",28,10,TRUE
517,"no",20,17,TRUE
518,"yes",20,9,TRUE
519,"yes",33,12,FALSE
520,"yes",22,14,FALSE
521,"no",15,9,TRUE
522,"yes",23,2,TRUE
523,"yes",17,8,TRUE
524,"yes",21,11,FALSE
525,"yes",27,6,TRUE
526,"no",22,22,FALSE
527,"no",24,10,TRUE
528,"no",23,15,TRUE
529,"yes",18,1,TRUE
530,"yes",18,21,TRUE
531,"yes",27,9,FALSE
532,"yes",27,13,FALSE
533,"yes",21,7,FALSE
534,"yes",19,13,FALSE
535,"yes",18,2,TRUE
536,"yes",27,6,TRUE
537,"yes",27,9,FALSE
538,"yes",19,3,FALSE
539,"yes",20,12,FALSE
540,"yes",29,3,TRUE
541,"no",20,12,FALSE
542,"yes",33,4,FALSE
543,"no",13,25,FALSE
544,"yes",28,3,FALSE
545,"yes",17,4,TRUE
546,"yes",25,10,FALSE
547,"no",19,6,TRUE
548,"yes",31,11,FALSE
549,"yes",16,11,TRUE
550,"no",16,7,TRUE
551,"yes",24,8,TRUE
552,"yes",22,17,FALSE
553,"yes",33,6,FALSE
554,"no",18,5,TRUE
555,"yes",28,17,FALSE
556,"yes",22,5,FALSE
557,"yes",19,5,TRUE
558,"yes",24,4,TRUE
559,"yes",29,4,FALSE
560,"yes",30,3,FALSE
561,"no",21,2,TRUE
562,"yes",20,10,FALSE
563,"yes",29,6,TRUE
564,"yes",20,4,TRUE
565,"yes",19,10,TRUE
566,"yes",22,10,FALSE
567,"yes",24,9,FALSE
568,"no",22,7,TRUE
569,"yes",16,2,TRUE
570,"no",18,2,TRUE
571,"yes",24,6,TRUE
572,"yes",35,5,FALSE
573,"yes",23,6,FALSE
574,"yes",29,11,TRUE
575,"no",20,6,TRUE
576,"yes",21,5,TRUE
577,"yes",19,9,TRUE
578,"yes",32,2,TRUE
579,"yes",21,4,TRUE
580,"no",21,4,FALSE
581,"no",19,2,TRUE
582,"no",17,2,TRUE
583,"yes",19,18,TRUE
584,"yes",25,6,FALSE
585,"no",18,15,FALSE
586,"yes",36,8,FALSE
587,"yes",22,6,FALSE
588,"yes",24,3,FALSE
589,"yes",29,11,FALSE
590,"yes",16,11,FALSE
591,"yes",19,7,TRUE
592,"no",19,14,FALSE
593,"yes",26,2,FALSE
594,"yes",19,13,FALSE
595,"yes",30,5,FALSE
596,"yes",26,6,FALSE
597,"no",19,7,FALSE
598,"yes",21,3,FALSE
599,"no",27,4,TRUE
600,"no",19,1,TRUE
601,"no",17,3,TRUE
602,"yes",28,1,FALSE
603,"yes",23,5,FALSE
605,"yes",27,6,FALSE
606,"yes",31,7,FALSE
607,"yes",31,9,FALSE
608,"yes",28,3,FALSE
609,"no",20,2,TRUE
610,"yes",31,7,FALSE
611,"yes",18,19,FALSE
612,"no",21,4,TRUE
613,"yes",22,6,TRUE
614,"yes",23,5,FALSE
615,"yes",17,21,FALSE
616,"yes",23,6,TRUE
617,"yes",23,5,FALSE
618,"yes",38,4,FALSE
619,"yes",21,12,FALSE
621,"yes",16,12,TRUE
622,"yes",15,27,TRUE
623,"yes",22,2,TRUE
624,"yes",22,15,FALSE
625,"no",29,9,TRUE
626,"no",17,2,TRUE
627,"yes",22,3,FALSE
628,"no",21,10,TRUE
629,"no",18,5,TRUE
630,"yes",21,3,TRUE
631,"no",19,10,TRUE
632,"yes",25,4,FALSE
633,"yes",30,2,FALSE
634,"no",21,10,TRUE
635,"no",17,1,TRUE
636,"yes",25,15,TRUE
637,"yes",31,6,TRUE
638,"yes",23,8,FALSE
639,"yes",32,7,FALSE
640,"yes",30,14,FALSE
641,"yes",16,13,FALSE
642,"yes",26,5,FALSE
643,"no",16,22,FALSE
644,"yes",30,9,FALSE
645,"yes",24,19,FALSE
646,"yes",29,2,FALSE
647,"no",37,5,FALSE
648,"yes",22,5,TRUE
649,"yes",22,10,FALSE
650,"no",16,3,TRUE
651,"yes",27,8,TRUE
652,"yes",34,10,FALSE
653,"yes",18,8,FALSE
654,"no",20,14,FALSE
655,"yes",19,11,TRUE
656,"no",23,18,FALSE
657,"no",18,1,TRUE
658,"no",26,5,FALSE
659,"no",18,2,TRUE
660,"yes",16,2,TRUE
661,"yes",22,21,FALSE
662,"yes",22,6,FALSE
663,"yes",20,8,TRUE
664,"no",27,8,FALSE
665,"yes",20,7,FALSE
666,"yes",22,7,FALSE
667,"yes",27,11,FALSE
668,"yes",22,5,TRUE
669,"yes",23,3,FALSE
670,"yes",28,2,FALSE
671,"no",34,7,FALSE
672,"yes",20,19,TRUE
673,"yes",28,4,FALSE
674,"yes",22,4,TRUE
675,"yes",31,4,TRUE
676,"yes",19,4,FALSE
677,"yes",29,5,TRUE
678,"yes",24,2,FALSE
679,"no",19,11,TRUE
680,"yes",20,13,FALSE
681,"no",15,25,FALSE
682,"no",19,23,FALSE
683,"yes",17,15,FALSE
684,"yes",42,2,FALSE
685,"no",17,7,TRUE
686,"yes",21,2,FALSE
687,"yes",34,2,FALSE
688,"yes",25,14,FALSE
689,"yes",29,3,FALSE
690,"no",20,1,TRUE
691,"yes",26,4,FALSE
692,"yes",17,21,FALSE
693,"yes",34,7,FALSE
694,"yes",24,11,FALSE
695,"yes",32,7,FALSE
696,"yes",18,12,TRUE
697,"yes",22,3,TRUE
698,"yes",22,2,TRUE
699,"no",19,18,TRUE
701,"yes",20,7,FALSE
702,"no",19,6,TRUE
703,"yes",18,16,FALSE
704,"yes",27,6,TRUE
705,"no",25,3,FALSE
706,"yes",19,6,TRUE
707,"no",17,8,TRUE
708,"yes",19,1,TRUE
709,"yes",19,4,FALSE
710,"yes",26,8,TRUE
711,"yes",25,8,FALSE
712,"no",21,8,TRUE
713,"yes",17,3,TRUE
714,"yes",23,6,TRUE
715,"no",28,7,TRUE
716,"no",20,2,TRUE
717,"yes",21,6,FALSE
718,"yes",18,15,TRUE
719,"yes",21,5,FALSE
720,"no",21,14,FALSE
721,"yes",20,12,TRUE
722,"yes",21,9,TRUE
723,"yes",18,10,FALSE
724,"no",18,8,TRUE
725,"no",17,16,TRUE
726,"yes",26,2,FALSE
727,"yes",15,18,FALSE
728,"yes",20,15,FALSE
729,"yes",17,14,TRUE
730,"yes",30,3,FALSE
731,"no",17,7,TRUE
732,"yes",17,6,TRUE
733,"no",17,12,FALSE
734,"no",20,16,TRUE
735,"no",27,2,TRUE
736,"no",23,4,TRUE
737,"yes",16,2,TRUE
738,"no",19,10,TRUE
739,"no",18,8,TRUE
740,"yes",18,19,FALSE
741,"yes",15,16,FALSE
742,"no",16,18,TRUE
743,"yes",21,19,FALSE
744,"no",27,6,FALSE
745,"yes",23,8,TRUE
746,"yes",19,4,TRUE
747,"yes",35,4,FALSE
748,"yes",25,6,TRUE
749,"no",22,14,FALSE
750,"no",17,1,TRUE
751,"yes",18,2,FALSE
752,"yes",30,1,FALSE
753,"yes",28,5,FALSE
754,"yes",32,10,FALSE
755,"yes",18,10,TRUE
756,"yes",19,8,TRUE
757,"yes",28,12,TRUE
758,"yes",33,4,FALSE
759,"yes",18,2,TRUE
760,"yes",16,5,FALSE
761,"no",17,6,TRUE
762,"yes",33,6,FALSE
763,"yes",18,10,FALSE
764,"no",19,7,TRUE
765,"yes",23,3,FALSE
766,"no",18,7,TRUE
767,"yes",27,6,TRUE
768,"yes",41,3,FALSE
769,"yes",24,5,FALSE
770,"yes",26,11,TRUE
771,"no",32,9,FALSE
772,"yes",23,15,FALSE
773,"yes",24,10,FALSE
774,"yes",19,3,TRUE
775,"no",12,24,FALSE
776,"yes",38,4,FALSE
777,"yes",20,15,FALSE
778,"yes",19,4,TRUE
779,"yes",24,1,TRUE
780,"yes",17,3,TRUE
781,"no",18,13,TRUE
782,"no",18,5,TRUE
783,"yes",18,24,TRUE
784,"no",18,6,TRUE
785,"yes",20,2,FALSE
786,"yes",20,1,TRUE
787,"no",24,3,TRUE
788,"yes",25,7,TRUE
789,"no",26,8,TRUE
790,"yes",17,7,TRUE
791,"no",40,4,FALSE
792,"yes",26,6,FALSE
793,"yes",18,19,FALSE
794,"yes",19,3,TRUE
795,"yes",24,4,TRUE
796,"yes",19,4,TRUE
797,"no",18,5,TRUE
798,"yes",21,11,TRUE
799,"yes",19,20,FALSE
800,"no",18,1,TRUE
801,"yes",22,3,FALSE
802,"yes",25,5,FALSE
803,"yes",32,7,FALSE
804,"yes",31,11,FALSE
805,"yes",21,6,FALSE
806,"no",22,13,TRUE
807,"no",26,14,TRUE
808,"no",28,2,TRUE
809,"no",19,1,TRUE
810,"no",15,22,FALSE
811,"yes",23,4,TRUE
812,"no",18,3,TRUE
813,"yes",25,17,FALSE
814,"yes",23,14,FALSE
815,"yes",16,6,TRUE
816,"yes",23,11,FALSE
817,"yes",22,3,TRUE
818,"no",19,4,TRUE
819,"yes",21,4,TRUE
820,"yes",22,7,TRUE
821,"yes",24,4,FALSE
822,"no",25,19,FALSE
823,"no",19,19,TRUE
824,"no",22,10,FALSE
825,"no",18,10,TRUE
826,"yes",24,11,FALSE
827,"yes",42,2,FALSE
828,"yes",27,7,TRUE
829,"no",22,8,FALSE
830,"yes",24,18,FALSE
831,"yes",34,2,TRUE
832,"no",18,7,TRUE
833,"yes",19,14,FALSE
834,"yes",26,1,TRUE
835,"no",18,6,TRUE
836,"yes",24,14,FALSE
837,"yes",26,3,FALSE
838,"no",31,5,FALSE
839,"no",19,2,TRUE
840,"yes",14,1,TRUE
841,"no",23,5,TRUE
842,"yes",16,12,FALSE
843,"no",19,26,FALSE
844,"yes",33,9,FALSE
845,"no",18,10,TRUE
846,"yes",19,4,FALSE
847,"yes",20,9,TRUE
848,"yes",23,13,FALSE
849,"yes",26,3,FALSE
850,"no",20,1,TRUE
851,"yes",31,7,FALSE
852,"yes",21,4,FALSE
853,"yes",23,9,FALSE
854,"yes",27,10,TRUE
855,"yes",21,2,TRUE
856,"yes",28,13,FALSE
857,"yes",24,17,FALSE
858,"yes",27,8,FALSE
859,"yes",29,3,TRUE
860,"yes",31,3,FALSE
861,"yes",24,2,FALSE
862,"no",22,11,FALSE
863,"no",28,1,TRUE
864,"no",15,13,TRUE
865,"yes",28,4,FALSE
866,"no",24,7,TRUE
867,"yes",30,3,FALSE
868,"no",23,8,TRUE
869,"yes",30,4,FALSE
870,"yes",20,10,FALSE
871,"yes",26,6,TRUE
872,"yes",17,8,TRUE
874,"yes",32,6,TRUE
875,"yes",20,9,TRUE
876,"yes",30,5,TRUE
877,"no",25,7,TRUE
878,"yes",23,3,FALSE
879,"yes",28,7,FALSE
880,"no",18,10,TRUE
881,"yes",22,4,TRUE
882,"yes",27,9,FALSE
883,"yes",20,7,TRUE
884,"yes",24,5,FALSE
885,"no",39,3,FALSE
886,"yes",24,4,TRUE
888,"yes",19,3,FALSE
889,"yes",27,11,FALSE
890,"yes",22,6,FALSE
891,"yes",21,6,TRUE
892,"no",17,2,TRUE
893,"no",25,4,FALSE
894,"yes",16,15,TRUE
895,"yes",29,2,FALSE
896,"yes",22,4,TRUE
897,"yes",22,12,FALSE
898,"yes",24,5,FALSE
899,"no",19,7,TRUE
900,"yes",36,8,FALSE
901,"yes",24,9,FALSE
902,"yes",24,4,TRUE
903,"yes",21,23,FALSE
904,"yes",19,3,TRUE
905,"yes",31,12,FALSE
906,"no",20,6,TRUE
907,"yes",31,12,FALSE
908,"yes",20,11,TRUE
909,"yes",22,3,TRUE
910,"yes",26,2,FALSE
911,"yes",21,11,FALSE
912,"yes",24,1,TRUE
913,"no",19,5,TRUE
914,"yes",29,15,FALSE
915,"yes",34,5,FALSE
916,"no",28,17,FALSE
917,"no",18,11,FALSE
918,"yes",23,10,FALSE
919,"no",22,16,FALSE
920,"no",19,2,TRUE
921,"no",28,5,FALSE
922,"yes",23,18,FALSE
923,"yes",25,20,FALSE
924,"yes",26,18,FALSE
925,"yes",18,1,TRUE
926,"no",14,7,TRUE
927,"yes",18,8,TRUE
928,"no",17,1,TRUE
929,"yes",19,5,TRUE
930,"yes",20,1,FALSE
931,"yes",22,2,TRUE
932,"yes",24,7,TRUE
933,"no",23,2,FALSE
934,"yes",20,16,TRUE
935,"yes",23,5,TRUE
936,"no",27,18,FALSE
937,"no",19,10,TRUE
938,"no",18,5,TRUE
939,"yes",18,6,TRUE
940,"no",19,4,TRUE
941,"yes",25,11,TRUE
942,"yes",16,15,FALSE
943,"no",22,11,FALSE
944,"no",25,5,TRUE
945,"yes",22,9,TRUE
946,"yes",18,7,TRUE
947,"yes",29,10,TRUE
948,"yes",30,4,TRUE
949,"no",22,2,TRUE
950,"yes",20,4,TRUE
951,"no",22,4,TRUE
952,"yes",24,14,FALSE
953,"yes",28,5,FALSE
954,"yes",34,1,FALSE
955,"yes",25,6,FALSE
956,"no",19,6,TRUE
957,"yes",22,20,FALSE
958,"yes",24,4,TRUE
959,"yes",19,7,TRUE
960,"no",26,13,FALSE
961,"yes",21,3,TRUE
962,"no",17,4,TRUE
963,"yes",24,8,FALSE
964,"yes",21,20,FALSE
965,"yes",19,4,FALSE
966,"yes",20,3,TRUE
967,"yes",22,15,FALSE
968,"no",18,7,TRUE
969,"no",17,4,TRUE
970,"no",22,1,TRUE
971,"yes",21,5,TRUE
972,"yes",23,1,TRUE
973,"yes",25,2,FALSE
974,"yes",22,5,TRUE
975,"yes",35,3,FALSE
976,"no",29,7,FALSE
977,"yes",21,10,FALSE
978,"yes",28,1,FALSE
979,"yes",19,5,TRUE
980,"no",17,10,FALSE
981,"no",20,10,TRUE
982,"yes",27,7,FALSE
983,"no",18,2,TRUE
984,"yes",31,12,FALSE
985,"yes",18,17,TRUE
986,"yes",31,10,TRUE
987,"yes",28,11,FALSE
988,"yes",21,4,FALSE
989,"yes",19,8,TRUE
990,"yes",22,5,TRUE
991,"no",22,15,FALSE
992,"no",17,3,TRUE
993,"yes",25,8,TRUE
994,"yes",27,5,TRUE
995,"no",30,15,FALSE
996,"no",28,1,TRUE
997,"yes",26,7,FALSE
998,"no",19,6,TRUE
999,"yes",20,8,FALSE
1000,"yes",16,11,FALSE
1001,"yes",22,2,TRUE
1002,"yes",23,4,FALSE
1003,"yes",27,14,FALSE
1004,"yes",29,6,FALSE
1005,"no",19,6,TRUE
1006,"yes",26,12,FALSE
1007,"yes",26,4,FALSE
1008,"yes",23,10,FALSE
1009,"yes",17,5,TRUE
1010,"yes",26,10,FALSE
1011,"no",17,1,TRUE
1012,"yes",21,16,FALSE
1013,"yes",23,1,FALSE
1014,"yes",27,6,TRUE
1015,"yes",21,4,FALSE
1016,"no",21,21,TRUE
1017,"yes",30,2,FALSE
1018,"yes",26,12,FALSE
1019,"no",22,3,TRUE
1020,"no",20,6,FALSE
1021,"yes",37,1,FALSE
1022,"yes",29,12,FALSE
1023,"yes",30,3,TRUE
1024,"yes",24,2,TRUE
1025,"yes",17,17,TRUE
1026,"no",25,14,TRUE
1027,"no",18,3,TRUE
1029,"yes",17,18,TRUE
1030,"yes",28,6,FALSE
1031,"yes",38,5,FALSE
1032,"no",25,10,FALSE
1033,"yes",23,1,FALSE
1034,"no",19,3,TRUE
1035,"yes",25,6,TRUE
1036,"yes",17,9,TRUE
1037,"yes",23,5,FALSE
1038,"yes",19,5,TRUE
1039,"no",16,5,TRUE
1040,"yes",29,1,TRUE
1041,"no",19,21,TRUE
1042,"yes",20,8,TRUE
1043,"yes",26,3,TRUE
1044,"yes",25,6,TRUE
1045,"yes",20,9,TRUE
1046,"yes",20,11,FALSE
1047,"yes",21,8,TRUE
1048,"no",18,17,TRUE
1049,"no",37,7,FALSE
1050,"no",43,1,FALSE
1051,"yes",35,3,FALSE
1052,"no",18,9,TRUE
1053,"yes",23,6,TRUE
1054,"no",24,3,TRUE
1055,"no",17,6,TRUE
1056,"yes",18,13,TRUE
1057,"yes",17,9,TRUE
1058,"yes",20,4,FALSE
1059,"no",18,2,TRUE
1060,"no",18,15,TRUE
1061,"yes",28,10,FALSE
1062,"yes",30,6,FALSE
1063,"yes",29,8,FALSE
1064,"no",24,5,TRUE
1065,"no",21,5,FALSE
1066,"no",21,7,TRUE
1067,"no",30,11,TRUE
1068,"no",18,7,TRUE
1069,"yes",18,16,TRUE
1070,"no",26,15,TRUE
1071,"yes",22,3,TRUE
1072,"yes",30,9,FALSE
1073,"yes",21,4,TRUE
1074,"no",18,11,TRUE
1075,"yes",19,11,FALSE
1076,"yes",22,10,TRUE
1077,"yes",28,7,FALSE
1078,"yes",28,14,FALSE
1079,"yes",26,12,FALSE
1080,"yes",24,16,FALSE
1081,"yes",16,15,TRUE
1082,"yes",18,5,TRUE
1083,"no",18,4,TRUE
1084,"yes",24,16,FALSE
1085,"yes",21,4,FALSE
1086,"no",16,15,FALSE
1087,"yes",20,12,FALSE
1088,"yes",20,4,TRUE
1089,"yes",33,12,FALSE
1090,"yes",23,4,FALSE
1091,"yes",37,8,FALSE
1092,"yes",19,3,TRUE
1093,"no",20,10,TRUE
1094,"no",19,9,TRUE
1095,"yes",25,12,FALSE
1096,"yes",29,1,TRUE
1097,"yes",24,5,FALSE
1098,"yes",34,7,FALSE
1099,"yes",34,5,FALSE
1100,"no",18,17,FALSE
1101,"no",20,11,TRUE
1102,"no",21,9,TRUE
1103,"no",23,6,TRUE
1104,"no",18,5,FALSE
1105,"no",34,4,FALSE
1106,"yes",19,6,FALSE
1107,"yes",25,7,TRUE
1108,"yes",20,5,TRUE
1109,"yes",22,3,TRUE
1110,"no",18,12,TRUE
1111,"yes",19,12,FALSE
1112,"no",25,6,TRUE
1113,"yes",19,2,TRUE
1114,"yes",30,7,TRUE
1115,"no",21,1,TRUE
1116,"yes",18,9,FALSE
1117,"yes",23,1,FALSE
1118,"no",24,2,FALSE
1119,"yes",32,2,TRUE
1120,"no",18,15,TRUE
1121,"yes",23,2,FALSE
1122,"yes",20,4,TRUE
1123,"yes",23,3,TRUE
1124,"yes",20,14,FALSE
1125,"yes",19,7,TRUE
1126,"yes",18,17,TRUE
1127,"yes",18,19,TRUE
1128,"yes",22,12,FALSE
1129,"no",17,13,TRUE
1130,"no",20,10,TRUE
1131,"yes",17,19,FALSE
1132,"yes",20,2,TRUE
1133,"no",15,10,TRUE
1134,"yes",20,9,TRUE
1135,"yes",39,2,FALSE
1136,"no",19,1,TRUE
1137,"no",22,6,TRUE
1138,"no",20,2,TRUE
1139,"yes",31,10,TRUE
1140,"yes",31,5,FALSE
1141,"yes",25,5,FALSE
1142,"yes",28,3,TRUE
1143,"yes",35,6,FALSE
1144,"no",21,8,TRUE
1145,"no",23,6,TRUE
1146,"yes",22,2,TRUE
1147,"yes",30,4,FALSE
1148,"yes",20,5,TRUE
1149,"no",17,8,FALSE
1150,"yes",37,4,FALSE
1151,"no",21,4,TRUE
1152,"no",19,9,TRUE
1153,"yes",23,11,FALSE
1154,"no",26,13,TRUE
1155,"no",20,24,FALSE
1156,"no",16,5,TRUE
1157,"yes",27,7,TRUE
1158,"yes",24,5,FALSE
1159,"yes",19,14,FALSE
1160,"yes",19,5,TRUE
1161,"yes",22,4,TRUE
1162,"no",22,7,TRUE
1163,"yes",18,20,TRUE
1164,"yes",23,9,TRUE
1165,"yes",21,6,TRUE
1166,"yes",23,8,TRUE
1167,"no",18,1,TRUE
1168,"yes",22,6,FALSE
1169,"no",17,4,TRUE
1170,"yes",21,11,TRUE
1171,"yes",28,4,FALSE
1172,"yes",25,2,FALSE
1173,"no",19,6,TRUE
1174,"no",21,6,TRUE
1175,"yes",32,5,FALSE
1176,"yes",26,5,FALSE
1177,"yes",22,5,FALSE
1178,"yes",20,5,FALSE
1179,"yes",23,4,FALSE
1180,"yes",31,3,TRUE
1181,"no",24,2,FALSE
1182,"no",18,1,TRUE
1183,"yes",25,6,FALSE
1184,"yes",16,11,TRUE
1185,"yes",20,6,FALSE
1186,"yes",19,3,TRUE
1187,"yes",23,4,TRUE
1188,"yes",24,18,FALSE
1189,"yes",29,4,FALSE
1190,"no",18,23,TRUE
1191,"yes",18,4,TRUE
1192,"yes",20,9,TRUE
1193,"yes",24,5,FALSE
1194,"yes",24,5,FALSE
1195,"yes",19,12,TRUE
1196,"yes",28,3,FALSE
1197,"yes",27,10,FALSE
1198,"no",23,10,TRUE
1199,"no",23,9,FALSE
1200,"yes",29,7,TRUE
1201,"yes",23,12,TRUE
1202,"yes",24,3,TRUE
1203,"yes",23,9,FALSE
1204,"yes",23,4,FALSE
1205,"yes",19,18,FALSE
1206,"no",24,15,FALSE
1207,"yes",23,8,TRUE
1208,"yes",26,7,FALSE
1209,"no",18,3,TRUE
1211,"yes",32,8,FALSE
1212,"yes",18,6,TRUE
1213,"yes",23,7,TRUE
1214,"yes",30,8,FALSE
1215,"yes",21,3,TRUE
1216,"no",23,15,FALSE
1217,"yes",21,16,TRUE
1218,"yes",22,9,FALSE
1219,"yes",26,18,FALSE
1220,"yes",23,8,FALSE
1221,"no",18,6,TRUE
1222,"yes",23,12,TRUE
1223,"no",18,6,FALSE
1224,"yes",21,6,TRUE
1225,"yes",23,3,TRUE
1226,"yes",24,9,TRUE
1227,"yes",27,5,FALSE
1228,"no",19,6,FALSE
1229,"no",31,7,FALSE
1230,"yes",20,1,TRUE
1231,"yes",22,11,FALSE
1232,"yes",29,7,FALSE
1233,"yes",18,7,TRUE
1234,"yes",19,1,TRUE
1235,"yes",19,6,FALSE
1236,"yes",21,7,FALSE
1237,"no",42,3,FALSE
1238,"yes",24,1,TRUE
1239,"yes",36,5,FALSE
1240,"yes",18,4,FALSE
